<?xml version="1.0" encoding="UTF-8" standalone="yes"?>
  <addon 
  id="repository.tchelotv" 
  name="[COLOR white]Repositorio[/COLOR] [COLOR chocolate]Tchelo[/COLOR] [COLORgold]Tv[/COLOR]" 
  version="1.0" 
  provider-name="Tchelo Tv">
  <requires>
    <import addon="xbmc.addon" version="12.0.0"/>
         
  </requires>
  
  
  <extension point="xbmc.addon.repository" name="Tchelo Repositorio">
    
    <dir minversion="16.0.0" maxversion="18.9.0">
      <info compressed="false">https://raw.githubusercontent.com/mbellini2021/Tchelo/main/leia/addons.xml</info>
      <checksum>https://raw.githubusercontent.com/mbellini2021/Tchelo/main/leia/addons.xml.md5</checksum>
      <datadir zip="true">https://raw.githubusercontent.com/mbellini2021/Tchelo/main/leia/</datadir>
      <hashes>false</hashes>
      <hashes>false</hashes>
    </dir>
   
   <dir minversion="18.9.1">
      <info compressed="false">https://raw.githubusercontent.com/mbellini2021/Tchelo/main/matrix/addons.xml</info>
      <checksum>https://raw.githubusercontent.com/mbellini2021/Tchelo/main/matrix/addons.xml.md5</checksum>
      <datadir zip="true">https://raw.githubusercontent.com/mbellini2021/Tchelo/main/matrix/</datadir>
      <hashes>false</hashes>
    </dir>
    
  </extension>
  
  <extension point="xbmc.addon.metadata">
    <summary>Repositório TcheloTV Proporcionando Lazer e Prazer para Sua Família</summary>
    <description>Os Addons deste repositório São de Uso Gratuito</description>
    <disclaimer></disclaimer>
    <platform>all</platform>
    <assets>
      <icon>icon.png</icon>
      <fanart>fanart.jpg</fanart>
    </assets>
  </extension>
</addon>
