<?xml version="1.0" encoding="UTF-8" standalone="yes"?>
  <addon 
  id="repository.glorioso" 
  name="[COLOR white]Repositorio[/COLOR] [COLOR chocolate]Glorioso[/COLOR] [COLORgold]Tv[/COLOR]" 
  version="3.0" 
  provider-name="Glorioso Tv">
  <requires>
    <import addon="xbmc.addon" version="12.0.0"/>
         
  </requires>
  
  
  <extension point="xbmc.addon.repository" name=".Glorioso Repositorio">
    
    <dir minversion="16.0.0" maxversion="18.9.0">
      <info compressed="false">https://github.com/gloriosotv/glorioso/raw/master/leia/addons.xml</info>
      <checksum>https://github.com/gloriosotv/glorioso/raw/master/leia/addons.xml.md5</checksum>
      <datadir zip="true">https://github.com/gloriosotv/glorioso/raw/master/leia/</datadir>
      <hashes>false</hashes>
      <hashes>false</hashes>
    </dir>
   
   <dir minversion="18.9.1">
      <info compressed="false">https://github.com/gloriosotv/glorioso/raw/master/matrix/addons.xml</info>
      <checksum>https://github.com/gloriosotv/glorioso/raw/master/matrix/addons.xml.md5</checksum>
      <datadir zip="true">https://github.com/gloriosotv/glorioso/raw/master/matrix/</datadir>
      <hashes>false</hashes>
    </dir>
    
  </extension>
  
  <extension point="xbmc.addon.metadata">
    <summary>Repositório GloriosoTv levando o lazer para as familia</summary>
    <description>Addons deste repositório é de uso gratuito</description>
    <disclaimer></disclaimer>
    <platform>all</platform>
    <assets>
      <icon>icon.png</icon>
      <fanart>fanart.jpg</fanart>
    </assets>
  </extension>
</addon>
