<?xml version="1.0" encoding="UTF-8" standalone="yes"?>
<addon id="plugin.program.areswizard" name="[COLOR red][B]Ares Wizard[/B][/COLOR]" version="1.0" provider-name="[COLOR red]Ares Wizard[/COLOR]">
  <requires>
    <import addon="xbmc.python" version="2.1.0"/>
  </requires>
  <extension point="xbmc.python.pluginsource" library="default.py">
        <provides>executable</provides>
  </extension>
  <extension point="xbmc.service" library="startup.py" start="startup" />
  <extension point="xbmc.addon.metadata">
    <summary lang="en">[COLOR red][B]Ares Wizard - Your one stop for Kodi setup + maintenance[/B][/COLOR]</summary>
    <description lang="en">[COLOR red][B]Ares Wizard[/B][/COLOR].</description>
    <platform>all</platform>
  </extension>
</addon>